{
    "products": [
        {
            "id": "0.15806309481038006",
            "qty": 2
        }
    ],
    "totalPrice": -3.552713678800501e-15
}